"Day","DJ","Music","Attendance"
"Friday","Blue","Rock",51
"Thursday","Mski","HipHop",90
"Saturday","Mski","Jazz",55
"Thursday","Blue","Jazz",67
"Friday","Mski","Jazz",38
"Thursday","Mski","Techno",80
"Friday","Brejcha","Techno",52
"Thursday","Blue","Jazz",44
"Saturday","Monique","HipHop",96
"Friday","Blue","HipHop",73
"Saturday","Monique","Rock",17
"Thursday","Mski","Jazz",69
"Friday","Blue","HipHop",57
"Thursday","Monique","HipHop",64
"Friday","Monique","HipHop",89
"Friday","Brejcha","Rock",37
"Friday","Monique","HipHop",77
"Friday","Mski","Techno",51
"Thursday","Mski","Jazz",56
"Thursday","Mski","HipHop",92
"Thursday","Monique","Techno",92
"Thursday","Blue","Jazz",75
"Thursday","Mski","Jazz",86
"Thursday","Mski","Jazz",84
"Friday","Blue","Techno",76
"Saturday","Monique","Rock",39
"Saturday","Blue","HipHop",88
"Saturday","Brejcha","Rock",46
"Saturday","Monique","Rock",93
"Saturday","Brejcha","Rock",87
"Thursday","Brejcha","HipHop",35
"Friday","Blue","HipHop",74
"Thursday","Blue","Rock",78
"Thursday","Mski","Rock",17
"Thursday","Blue","Rock",38
"Saturday","Monique","Techno",64
"Saturday","Mski","Rock",51
"Thursday","Monique","HipHop",32
"Friday","Mski","Rock",54
"Thursday","Blue","Rock",30
"Friday","Brejcha","Techno",75
"Thursday","Mski","HipHop",89
"Friday","Mski","Rock",23
"Saturday","Monique","Jazz",37
"Friday","Mski","Jazz",43
"Saturday","Brejcha","HipHop",57
"Saturday","Monique","Rock",63
"Saturday","Blue","Jazz",62
"Saturday","Monique","Techno",57
"Friday","Mski","Techno",98
"Saturday","Blue","HipHop",70
"Thursday","Brejcha","Techno",93
"Thursday","Monique","Techno",32
"Thursday","Mski","HipHop",13
"Thursday","Monique","Rock",32
"Friday","Blue","Techno",80
"Friday","Mski","Jazz",66
"Saturday","Mski","Techno",50
"Thursday","Mski","Techno",62
"Thursday","Blue","Jazz",38
"Friday","Mski","Jazz",15
"Thursday","Blue","Techno",56
"Saturday","Brejcha","HipHop",43
"Friday","Mski","Jazz",86
"Saturday","Mski","Rock",100
"Friday","Blue","HipHop",73
"Friday","Brejcha","HipHop",15
"Friday","Monique","Rock",72
"Saturday","Monique","Techno",81
"Thursday","Brejcha","HipHop",30
"Thursday","Mski","Techno",83
"Thursday","Blue","HipHop",33
"Friday","Blue","HipHop",17
"Friday","Brejcha","HipHop",21
"Saturday","Mski","Techno",98
"Thursday","Brejcha","Techno",35
"Thursday","Blue","Techno",28
"Thursday","Blue","Jazz",68
"Saturday","Blue","Rock",31
"Saturday","Blue","Rock",68
"Friday","Mski","HipHop",53
"Thursday","Mski","Jazz",77
"Thursday","Mski","HipHop",37
"Friday","Blue","Jazz",49
"Thursday","Brejcha","Techno",60
"Thursday","Brejcha","Rock",67
"Saturday","Mski","Jazz",51
"Friday","Monique","Rock",57
"Thursday","Blue","Techno",99
"Saturday","Mski","Rock",57
"Friday","Brejcha","Rock",76
"Saturday","Brejcha","Techno",54
"Friday","Brejcha","Techno",33
"Friday","Monique","Techno",56
"Saturday","Blue","Rock",23
"Saturday","Monique","HipHop",54
"Friday","Blue","Jazz",78
"Thursday","Monique","Rock",13
"Friday","Brejcha","Techno",21
"Saturday","Brejcha","Jazz",77
"Thursday","Monique","Techno",69
"Saturday","Brejcha","Jazz",13
"Friday","Blue","HipHop",26
"Saturday","Blue","Techno",30
"Thursday","Mski","HipHop",73
"Saturday","Blue","Jazz",40
"Saturday","Monique","Jazz",49
"Friday","Blue","Rock",100
"Friday","Blue","Rock",76
"Friday","Mski","Rock",18
"Saturday","Brejcha","Rock",65
"Friday","Mski","HipHop",21
"Saturday","Blue","Techno",41
"Thursday","Mski","Rock",66
"Friday","Mski","Jazz",39
"Thursday","Monique","HipHop",21
"Saturday","Mski","Rock",20
"Saturday","Brejcha","Techno",88
"Saturday","Brejcha","Techno",49
"Saturday","Brejcha","HipHop",70
"Thursday","Blue","Techno",39
"Thursday","Monique","HipHop",37
"Saturday","Monique","HipHop",91
"Friday","Mski","Techno",60
"Thursday","Blue","Rock",20
"Saturday","Blue","Techno",23
"Thursday","Blue","Techno",20
"Saturday","Blue","Techno",38
"Saturday","Brejcha","Rock",27
"Saturday","Blue","Rock",88
"Thursday","Mski","Rock",75
"Saturday","Blue","HipHop",30
"Saturday","Monique","Techno",52
"Friday","Brejcha","Rock",20
"Friday","Mski","Jazz",81
"Saturday","Monique","Techno",98
"Friday","Monique","Rock",22
"Friday","Mski","Techno",27
"Friday","Mski","Techno",22
"Friday","Brejcha","Jazz",20
"Thursday","Blue","Techno",19
"Thursday","Monique","Rock",71
"Saturday","Monique","Techno",97
"Friday","Mski","Jazz",22
"Saturday","Monique","Rock",96
"Saturday","Monique","Techno",84
"Thursday","Blue","Techno",71
"Saturday","Blue","HipHop",47
"Thursday","Blue","HipHop",23
"Saturday","Brejcha","Jazz",33
"Thursday","Monique","Jazz",46
"Friday","Blue","Rock",37
"Thursday","Monique","HipHop",38
"Saturday","Brejcha","Techno",38
"Friday","Monique","Techno",57
"Thursday","Blue","HipHop",53
"Friday","Blue","Techno",53
"Saturday","Monique","HipHop",98
"Saturday","Monique","Rock",89
"Friday","Blue","HipHop",45
"Friday","Blue","HipHop",49
"Saturday","Monique","HipHop",47
"Saturday","Brejcha","HipHop",33
"Saturday","Brejcha","HipHop",96
"Saturday","Mski","HipHop",49
"Saturday","Mski","HipHop",82
"Friday","Brejcha","Rock",94
"Friday","Mski","Rock",47
"Thursday","Mski","Jazz",23
"Thursday","Brejcha","Techno",87
"Friday","Monique","Jazz",84
"Saturday","Monique","Rock",45
"Friday","Mski","Jazz",74
"Thursday","Blue","HipHop",52
"Saturday","Brejcha","Techno",61
"Thursday","Monique","HipHop",89
"Thursday","Monique","Jazz",81
"Friday","Brejcha","Techno",91
"Thursday","Mski","Techno",16
"Friday","Blue","Techno",82
"Friday","Brejcha","HipHop",30
"Saturday","Monique","HipHop",25
"Friday","Brejcha","Jazz",12
"Saturday","Blue","Rock",24
"Saturday","Mski","HipHop",113
"Saturday","Mski","Jazz",77
"Saturday","Brejcha","Jazz",64
"Friday","Mski","Jazz",78
"Friday","Brejcha","Jazz",52
"Thursday","Brejcha","Rock",44
"Thursday","Brejcha","Jazz",43
"Saturday","Monique","HipHop",58
"Thursday","Monique","Rock",37
"Saturday","Blue","Jazz",96
"Friday","Mski","Techno",46
"Friday","Brejcha","HipHop",95
"Saturday","Blue","Rock",99
"Saturday","Mski","Techno",82
"Friday","Brejcha","Techno",35
"Saturday","Mski","Rock",42
"Friday","Brejcha","Rock",85
"Saturday","Monique","Rock",77
"Friday","Blue","HipHop",78
"Thursday","Blue","Techno",34
"Friday","Blue","Rock",66
"Thursday","Mski","HipHop",93
"Friday","Monique","Rock",15
"Saturday","Mski","Rock",16
"Thursday","Monique","Jazz",90
"Saturday","Mski","HipHop",73
"Thursday","Brejcha","HipHop",37
"Thursday","Brejcha","Techno",80
"Friday","Monique","Jazz",84
"Friday","Blue","HipHop",85
"Saturday","Brejcha","Rock",83
"Thursday","Blue","Rock",85
"Friday","Blue","Techno",40
"Friday","Mski","Rock",49
"Saturday","Blue","Rock",60
"Friday","Monique","HipHop",28
"Friday","Mski","Techno",26
"Saturday","Mski","Rock",41
"Saturday","Monique","HipHop",63
"Friday","Brejcha","Techno",39
"Thursday","Monique","HipHop",24
"Saturday","Blue","Jazz",34
"Friday","Blue","Rock",68
"Saturday","Mski","Rock",66
"Friday","Monique","Jazz",41
"Thursday","Blue","Rock",33
"Saturday","Monique","Jazz",18
"Thursday","Brejcha","Rock",30
"Friday","Monique","Jazz",38
"Thursday","Mski","Rock",83
"Saturday","Monique","Rock",65
"Thursday","Brejcha","Techno",41
"Friday","Blue","Techno",50
"Thursday","Blue","Jazz",37
"Thursday","Blue","Rock",59
"Saturday","Brejcha","Rock",71
"Thursday","Blue","Rock",90
"Saturday","Brejcha","Techno",71
"Friday","Blue","Jazz",13
"Friday","Mski","Techno",12
"Thursday","Monique","Techno",94
"Saturday","Brejcha","Techno",83
"Friday","Brejcha","Techno",8
"Thursday","Brejcha","Rock",36
"Saturday","Blue","Techno",77
"Friday","Mski","HipHop",13
"Saturday","Blue","Techno",18
"Friday","Mski","Rock",43
"Friday","Blue","Jazz",24
"Friday","Brejcha","Techno",28
"Friday","Brejcha","Jazz",10
"Saturday","Monique","Techno",63
"Friday","Blue","Rock",48
"Friday","Brejcha","HipHop",84
"Friday","Mski","Jazz",46
"Thursday","Monique","Rock",59
"Saturday","Monique","Rock",44
"Saturday","Mski","Jazz",52
"Thursday","Monique","Rock",72
"Thursday","Blue","HipHop",79
"Saturday","Mski","HipHop",120
"Saturday","Mski","Jazz",61
"Saturday","Blue","HipHop",66
"Saturday","Brejcha","Jazz",56
"Thursday","Blue","Jazz",40
"Thursday","Brejcha","Jazz",53
"Friday","Blue","HipHop",40
"Friday","Mski","Jazz",56
"Saturday","Blue","HipHop",34
"Thursday","Monique","Techno",84
"Thursday","Monique","HipHop",83
"Saturday","Blue","Techno",26
"Saturday","Blue","Rock",49
"Thursday","Brejcha","Rock",94
"Thursday","Brejcha","Techno",83
"Saturday","Monique","HipHop",14
"Saturday","Blue","Techno",88
"Saturday","Blue","Techno",45
"Friday","Mski","Techno",14
"Saturday","Blue","Rock",59
"Friday","Brejcha","Jazz",68
"Thursday","Brejcha","Jazz",79
"Saturday","Monique","Rock",43
"Thursday","Brejcha","Jazz",30
"Saturday","Mski","Rock",23
"Friday","Brejcha","Rock",58
"Thursday","Brejcha","HipHop",18
"Saturday","Monique","HipHop",13
"Thursday","Brejcha","Rock",23
"Friday","Brejcha","Jazz",80
"Saturday","Brejcha","Jazz",10
"Thursday","Brejcha","Jazz",43
"Friday","Monique","Techno",57
"Thursday","Monique","Techno",28
"Thursday","Monique","Techno",90
"Thursday","Brejcha","Jazz",23
"Saturday","Brejcha","Jazz",12
"Saturday","Blue","HipHop",34
"Thursday","Blue","Techno",59
"Thursday","Brejcha","Techno",50
"Saturday","Blue","Techno",92
"Thursday","Monique","Jazz",49
"Saturday","Monique","Techno",20
"Friday","Brejcha","Rock",42
"Thursday","Monique","Jazz",79
"Saturday","Mski","HipHop",65
"Saturday","Blue","Techno",100
"Friday","Monique","Jazz",44
"Friday","Monique","Techno",90
"Saturday","Monique","Techno",78
"Thursday","Brejcha","HipHop",47
"Friday","Monique","Rock",66
"Saturday","Mski","Jazz",51
"Thursday","Blue","HipHop",97
"Friday","Brejcha","Rock",62
"Friday","Brejcha","Jazz",80
"Thursday","Monique","Jazz",46
"Friday","Mski","Jazz",37
"Thursday","Mski","Rock",76
"Saturday","Monique","Rock",98
"Thursday","Mski","Rock",98
"Thursday","Blue","Techno",61
"Saturday","Monique","Techno",41
"Friday","Blue","HipHop",88
"Saturday","Brejcha","Techno",30
"Friday","Mski","Jazz",82
"Thursday","Brejcha","Rock",16
"Friday","Blue","Techno",51
"Saturday","Mski","Techno",49
"Thursday","Mski","Techno",69
"Friday","Brejcha","Techno",37
"Friday","Mski","HipHop",48
"Thursday","Blue","Rock",33
"Friday","Brejcha","Jazz",85
"Saturday","Blue","Techno",74
"Friday","Mski","Techno",37
"Saturday","Blue","HipHop",23
"Thursday","Monique","HipHop",100
"Saturday","Brejcha","HipHop",22
"Friday","Blue","HipHop",44
"Friday","Blue","Jazz",69
"Thursday","Brejcha","Rock",32
"Friday","Blue","HipHop",51
"Thursday","Monique","HipHop",33
"Saturday","Blue","Jazz",91
"Saturday","Brejcha","Techno",24
"Thursday","Monique","Rock",95
"Thursday","Brejcha","HipHop",31
"Friday","Brejcha","Rock",92
"Thursday","Brejcha","Jazz",76
"Friday","Mski","HipHop",99
"Saturday","Brejcha","Rock",71
"Friday","Monique","HipHop",40
"Thursday","Blue","HipHop",87
"Friday","Blue","Rock",72
"Thursday","Monique","HipHop",84
"Friday","Mski","Techno",80
"Friday","Mski","Rock",90
"Saturday","Mski","Rock",65
"Friday","Monique","Jazz",34
"Thursday","Monique","Jazz",100
"Friday","Monique","HipHop",66
"Friday","Blue","HipHop",80
"Saturday","Mski","HipHop",43
"Friday","Monique","Jazz",73
"Friday","Monique","Rock",58
"Saturday","Blue","Jazz",77
"Saturday","Brejcha","Techno",89
"Friday","Mski","Rock",85
"Friday","Monique","Techno",60
"Thursday","Monique","HipHop",13
"Saturday","Mski","Jazz",13
"Saturday","Mski","Techno",63
"Saturday","Mski","Rock",32
"Saturday","Mski","Jazz",77
"Saturday","Monique","Jazz",69
"Friday","Blue","HipHop",85
"Thursday","Monique","HipHop",70
"Thursday","Mski","Jazz",11
"Thursday","Blue","Jazz",34
"Thursday","Mski","Jazz",36
"Friday","Blue","Rock",48
"Friday","Mski","Techno",12
"Saturday","Mski","HipHop",103
"Thursday","Mski","HipHop",81
"Thursday","Monique","HipHop",28
"Thursday","Brejcha","Jazz",46
"Saturday","Mski","Techno",42
"Saturday","Monique","HipHop",77
"Friday","Monique","HipHop",31
"Friday","Blue","HipHop",71
"Saturday","Blue","HipHop",40
"Thursday","Monique","HipHop",71
"Thursday","Mski","Jazz",56
"Saturday","Blue","HipHop",90
"Thursday","Brejcha","Techno",69
"Saturday","Monique","HipHop",31
"Thursday","Monique","Techno",54
"Thursday","Monique","HipHop",75
"Friday","Monique","Techno",92
"Saturday","Brejcha","Jazz",52
"Friday","Blue","HipHop",47
"Saturday","Blue","HipHop",11
"Friday","Blue","HipHop",25
"Saturday","Mski","HipHop",118
"Saturday","Brejcha","Jazz",28
"Saturday","Mski","HipHop",58
"Thursday","Monique","Rock",90
"Saturday","Blue","Rock",34
"Saturday","Blue","Rock",24
"Saturday","Blue","HipHop",11
"Friday","Brejcha","Rock",34
"Thursday","Blue","HipHop",50
"Friday","Brejcha","Jazz",17
"Thursday","Mski","HipHop",62
"Friday","Brejcha","Rock",97
"Saturday","Monique","Jazz",82
"Saturday","Brejcha","HipHop",41
"Friday","Mski","Techno",22
"Saturday","Brejcha","HipHop",45
"Thursday","Brejcha","Rock",82
"Friday","Brejcha","Rock",73
"Saturday","Blue","HipHop",36
"Friday","Blue","Techno",93
"Thursday","Monique","Rock",60
"Saturday","Brejcha","Jazz",94
"Thursday","Blue","HipHop",48
"Saturday","Blue","HipHop",62
"Thursday","Mski","Rock",71
"Thursday","Brejcha","Techno",77
"Friday","Monique","Techno",57
"Thursday","Brejcha","Rock",55
"Saturday","Monique","Rock",37
"Saturday","Monique","Rock",24
"Friday","Brejcha","Rock",43
"Saturday","Blue","Jazz",52
"Saturday","Mski","HipHop",95
"Saturday","Blue","Rock",63
"Saturday","Monique","Rock",89
"Friday","Mski","Jazz",67
"Saturday","Blue","Techno",74
"Thursday","Mski","Jazz",15
"Thursday","Blue","Techno",40
"Friday","Monique","Techno",53
"Thursday","Monique","HipHop",70
"Thursday","Mski","HipHop",83
"Friday","Mski","Techno",96
"Friday","Brejcha","HipHop",9
"Friday","Brejcha","Techno",65
"Friday","Mski","Rock",40
"Thursday","Mski","Techno",27
"Saturday","Monique","HipHop",89
"Saturday","Brejcha","HipHop",97
"Saturday","Blue","Techno",36
"Friday","Monique","HipHop",79
"Thursday","Monique","Rock",35
"Saturday","Mski","Techno",80
"Friday","Blue","HipHop",75
"Saturday","Monique","Techno",47
"Saturday","Mski","Jazz",70
"Thursday","Blue","Rock",98
"Thursday","Blue","HipHop",83
"Thursday","Brejcha","Rock",89
"Friday","Mski","HipHop",37
"Saturday","Monique","HipHop",28
"Thursday","Monique","HipHop",78
"Saturday","Brejcha","Techno",39
"Saturday","Monique","Rock",11
"Friday","Blue","Rock",96
"Thursday","Monique","Rock",85
"Saturday","Mski","Rock",31
"Saturday","Brejcha","HipHop",25
"Friday","Mski","Jazz",22
"Saturday","Brejcha","Techno",14
"Thursday","Blue","Rock",15
"Saturday","Blue","Jazz",74
"Friday","Mski","HipHop",71
"Saturday","Monique","Techno",71
"Thursday","Brejcha","Jazz",26
"Friday","Mski","HipHop",69
"Saturday","Monique","Rock",98
"Thursday","Monique","Rock",37
"Thursday","Mski","HipHop",96
"Friday","Blue","HipHop",85
"Friday","Mski","HipHop",85
"Thursday","Monique","Rock",26
"Saturday","Brejcha","Techno",89
"Friday","Mski","Rock",55
"Saturday","Monique","HipHop",70
"Friday","Brejcha","Techno",62
"Saturday","Brejcha","Techno",14
"Friday","Monique","Jazz",69
"Friday","Blue","Techno",66
"Friday","Brejcha","Rock",27
"Saturday","Monique","HipHop",82
"Friday","Brejcha","HipHop",85
"Thursday","Mski","Techno",51
"Saturday","Mski","Jazz",30
"Thursday","Monique","Rock",96
"Thursday","Mski","HipHop",90
"Thursday","Monique","Jazz",77
"Friday","Mski","Jazz",64
"Friday","Monique","Rock",40
"Friday","Monique","Jazz",31
"Thursday","Mski","Techno",91
"Friday","Mski","HipHop",28
"Thursday","Blue","Rock",32
"Thursday","Mski","Jazz",12
"Saturday","Mski","HipHop",77
"Saturday","Mski","Techno",93
"Saturday","Brejcha","Jazz",14
"Saturday","Blue","Jazz",71
"Friday","Monique","Rock",72
"Saturday","Brejcha","HipHop",79
"Thursday","Brejcha","Techno",60
"Saturday","Monique","HipHop",52
"Thursday","Mski","HipHop",58
"Saturday","Blue","Jazz",69
"Friday","Blue","Jazz",66
"Saturday","Monique","Rock",95
"Thursday","Blue","Techno",83
"Thursday","Monique","Techno",37
"Thursday","Mski","HipHop",50
"Saturday","Monique","Techno",12
"Thursday","Brejcha","Jazz",31
"Friday","Mski","Rock",26
"Saturday","Brejcha","Jazz",80
"Friday","Brejcha","Jazz",33
"Saturday","Blue","Rock",40
"Saturday","Brejcha","Rock",39
"Saturday","Brejcha","Techno",95
"Friday","Mski","HipHop",49
"Thursday","Monique","Techno",96
"Friday","Mski","Rock",25
"Friday","Brejcha","Techno",65
"Thursday","Mski","Rock",27
"Thursday","Mski","Techno",70
"Thursday","Mski","Rock",29
"Friday","Brejcha","HipHop",27
"Saturday","Blue","Techno",39
"Thursday","Blue","HipHop",43
"Friday","Monique","HipHop",28
"Friday","Monique","Techno",34
"Thursday","Monique","Techno",61
"Saturday","Mski","Jazz",100
"Saturday","Brejcha","Jazz",79
"Thursday","Monique","HipHop",30
"Saturday","Brejcha","Techno",84
"Thursday","Brejcha","Jazz",25
"Saturday","Mski","Techno",76
"Saturday","Monique","Jazz",76
"Thursday","Brejcha","Techno",78
"Thursday","Monique","Rock",22
"Friday","Brejcha","Rock",69
"Saturday","Brejcha","HipHop",20
"Thursday","Blue","Jazz",69
"Saturday","Brejcha","Jazz",73
"Saturday","Monique","Jazz",76
"Friday","Blue","Rock",79
"Saturday","Mski","Jazz",72
"Friday","Blue","HipHop",40
"Thursday","Mski","Techno",90
"Saturday","Monique","HipHop",93
"Friday","Brejcha","Rock",47
"Thursday","Brejcha","HipHop",88
"Thursday","Blue","Rock",38
"Saturday","Mski","HipHop",46
"Friday","Blue","Techno",58
"Friday","Brejcha","HipHop",93
"Thursday","Blue","HipHop",95
"Saturday","Mski","Rock",12
"Saturday","Brejcha","HipHop",53
"Friday","Brejcha","HipHop",33
"Friday","Monique","Techno",37
"Friday","Brejcha","Jazz",87
"Saturday","Brejcha","HipHop",48
"Friday","Blue","Rock",36
"Thursday","Blue","Techno",58
"Thursday","Mski","Rock",57
"Thursday","Mski","Jazz",85
"Friday","Blue","Techno",57
"Thursday","Brejcha","HipHop",66
"Thursday","Monique","Jazz",36
"Saturday","Monique","Jazz",39
"Thursday","Monique","Jazz",26
"Saturday","Blue","Jazz",17
"Friday","Brejcha","Rock",24
"Friday","Mski","Jazz",72
"Thursday","Monique","Techno",80
"Friday","Mski","Techno",55
"Friday","Blue","Techno",65
"Friday","Blue","HipHop",48
"Thursday","Blue","HipHop",84
"Saturday","Monique","Jazz",51
"Thursday","Mski","Jazz",96
"Friday","Monique","Rock",30
"Saturday","Mski","Jazz",36
"Saturday","Brejcha","Techno",61
"Thursday","Brejcha","Rock",67
"Friday","Mski","HipHop",60
"Friday","Brejcha","Jazz",30
"Saturday","Monique","Techno",66
"Thursday","Blue","Techno",66
"Saturday","Brejcha","HipHop",14
"Friday","Blue","Rock",69
"Friday","Mski","Techno",67
"Saturday","Blue","HipHop",16
"Thursday","Brejcha","HipHop",16
"Saturday","Monique","Techno",79
"Friday","Monique","Rock",27
"Saturday","Blue","HipHop",63
"Saturday","Blue","HipHop",73
"Saturday","Brejcha","Rock",65
"Thursday","Blue","Rock",60
"Friday","Monique","Rock",93
"Friday","Brejcha","Jazz",50
"Saturday","Mski","Jazz",20
"Friday","Brejcha","HipHop",51
"Thursday","Blue","HipHop",93
"Friday","Mski","HipHop",23
"Saturday","Monique","Rock",51
"Saturday","Blue","Rock",43
"Friday","Monique","Jazz",37
"Friday","Mski","Rock",94
"Saturday","Blue","Techno",91
"Friday","Blue","Techno",13
"Saturday","Monique","Jazz",19
"Thursday","Mski","Techno",74
"Saturday","Brejcha","Jazz",14
"Saturday","Mski","Techno",26
"Friday","Blue","Rock",56
"Thursday","Monique","Jazz",39
"Saturday","Mski","Jazz",56
"Saturday","Blue","Jazz",19
"Friday","Mski","Techno",29
"Friday","Mski","Rock",49
"Thursday","Monique","Rock",53
"Friday","Mski","Techno",52
"Saturday","Brejcha","Techno",94
"Thursday","Brejcha","Jazz",43
"Thursday","Brejcha","Jazz",79
"Friday","Blue","Jazz",47
"Friday","Blue","Rock",41
"Friday","Mski","Techno",76
"Friday","Monique","HipHop",12
"Friday","Mski","HipHop",66
"Thursday","Monique","Jazz",26
"Saturday","Monique","Rock",68
"Saturday","Blue","Rock",17
"Saturday","Monique","HipHop",65
"Thursday","Monique","Rock",27
"Thursday","Blue","HipHop",95
"Thursday","Monique","Rock",91
"Friday","Blue","Techno",26
"Friday","Brejcha","HipHop",30
"Friday","Blue","Jazz",29
"Friday","Blue","HipHop",23
"Saturday","Mski","Rock",34
"Thursday","Mski","Techno",67
"Saturday","Mski","HipHop",98
"Saturday","Monique","HipHop",81
"Saturday","Brejcha","Rock",95
"Saturday","Brejcha","Rock",78
"Thursday","Monique","Rock",42
"Friday","Blue","HipHop",61
"Thursday","Brejcha","Techno",85
"Saturday","Blue","Jazz",16
"Saturday","Blue","Rock",85
"Thursday","Brejcha","HipHop",77
"Saturday","Mski","Techno",20
"Friday","Monique","Techno",60
"Friday","Brejcha","Techno",43
"Saturday","Mski","Techno",66
"Saturday","Blue","Rock",43
"Thursday","Mski","Rock",47
"Friday","Monique","HipHop",48
"Thursday","Monique","Rock",25
"Saturday","Brejcha","Rock",97
"Saturday","Brejcha","Techno",32
"Friday","Blue","Techno",71
"Saturday","Monique","Techno",78
"Friday","Brejcha","Jazz",70
"Thursday","Brejcha","HipHop",88
"Thursday","Mski","Jazz",89
"Saturday","Brejcha","HipHop",52
"Friday","Monique","HipHop",60
"Friday","Blue","HipHop",85
"Thursday","Brejcha","Rock",84
"Saturday","Mski","Rock",31
"Saturday","Monique","Jazz",30
"Friday","Monique","Rock",35
"Saturday","Monique","HipHop",83
"Thursday","Mski","HipHop",21
"Friday","Brejcha","Jazz",40
"Friday","Mski","Techno",66
"Saturday","Monique","HipHop",45
"Thursday","Brejcha","Rock",14
"Thursday","Mski","HipHop",29
"Friday","Brejcha","Jazz",31
"Thursday","Brejcha","HipHop",12
"Thursday","Brejcha","Jazz",57
"Thursday","Monique","Rock",18
"Thursday","Blue","HipHop",42
"Friday","Monique","HipHop",64
"Friday","Monique","Rock",72
"Saturday","Blue","Rock",85
"Friday","Monique","Jazz",28
"Thursday","Blue","HipHop",78
"Friday","Brejcha","Rock",81
"Friday","Blue","Techno",40
"Saturday","Brejcha","Jazz",97
"Thursday","Mski","Techno",54
"Friday","Monique","HipHop",66
"Friday","Brejcha","Rock",8
"Saturday","Blue","Techno",94
"Friday","Mski","Jazz",36
"Friday","Brejcha","HipHop",17
"Saturday","Mski","Rock",100
"Friday","Brejcha","HipHop",87
"Saturday","Monique","HipHop",86
"Thursday","Mski","HipHop",49
"Friday","Brejcha","Rock",66
"Saturday","Blue","Techno",80
"Thursday","Monique","Jazz",28
"Saturday","Brejcha","Rock",84
"Friday","Mski","Techno",98
"Friday","Monique","Rock",26
"Saturday","Monique","Jazz",38
"Thursday","Blue","HipHop",17
"Friday","Brejcha","HipHop",97
"Thursday","Brejcha","HipHop",22
"Friday","Blue","Jazz",77
"Saturday","Monique","Techno",76
"Saturday","Blue","Techno",21
"Friday","Brejcha","Techno",80
"Saturday","Brejcha","Techno",68
"Friday","Monique","HipHop",88
"Friday","Brejcha","Techno",54
"Friday","Brejcha","Techno",70
"Friday","Mski","Techno",53
"Saturday","Mski","HipHop",96
"Saturday","Brejcha","Rock",59
"Friday","Brejcha","HipHop",35
"Saturday","Monique","Rock",16
"Saturday","Blue","Techno",52
"Friday","Blue","Techno",53
"Friday","Brejcha","HipHop",91
"Thursday","Brejcha","Jazz",65
"Thursday","Blue","Techno",73
"Thursday","Monique","Rock",86
"Friday","Monique","Jazz",67
"Saturday","Blue","Rock",21
"Friday","Brejcha","Jazz",74
"Friday","Blue","Rock",26
"Friday","Mski","Jazz",28
"Thursday","Monique","Techno",92
"Thursday","Monique","Jazz",51
"Friday","Monique","Rock",51
"Saturday","Mski","HipHop",86
"Friday","Brejcha","Jazz",38
"Thursday","Brejcha","HipHop",61
"Thursday","Monique","Techno",69
"Friday","Monique","Rock",21
"Friday","Brejcha","Techno",61
"Thursday","Mski","HipHop",58
"Saturday","Monique","HipHop",60
"Thursday","Monique","Jazz",66
"Saturday","Mski","HipHop",34
"Saturday","Brejcha","Techno",32
"Friday","Mski","Jazz",61
"Friday","Mski","Techno",56
"Thursday","Mski","Techno",74
"Thursday","Blue","Rock",17
"Thursday","Mski","Rock",21
"Saturday","Blue","Jazz",59
"Friday","Mski","Rock",21
"Saturday","Mski","Rock",95
"Thursday","Blue","HipHop",98
"Friday","Monique","HipHop",25
"Saturday","Brejcha","Jazz",17
"Friday","Mski","HipHop",47
"Friday","Brejcha","Techno",51
"Saturday","Monique","Techno",44
"Friday","Blue","Rock",42
"Friday","Brejcha","Rock",16
"Friday","Mski","Jazz",26
"Friday","Mski","Rock",66
"Friday","Brejcha","Techno",79
"Friday","Monique","HipHop",61
"Thursday","Monique","Techno",85
"Saturday","Monique","HipHop",63
"Friday","Monique","Techno",21
"Saturday","Blue","Jazz",97
"Friday","Mski","Rock",57
"Saturday","Blue","Jazz",89
"Thursday","Monique","Techno",98
"Saturday","Monique","Rock",32
"Thursday","Mski","Rock",19
"Saturday","Monique","Rock",94
"Thursday","Mski","HipHop",88
"Saturday","Monique","HipHop",34
"Friday","Blue","Jazz",75
"Saturday","Monique","Rock",86
"Saturday","Mski","Techno",94
"Friday","Mski","Techno",92
"Friday","Brejcha","HipHop",86
"Friday","Brejcha","Techno",64
"Saturday","Blue","Rock",94
"Saturday","Monique","Rock",43
"Thursday","Mski","Rock",35
"Thursday","Mski","Jazz",84
"Friday","Monique","Jazz",96
"Friday","Blue","HipHop",67
"Saturday","Mski","Jazz",86
"Friday","Monique","Rock",40
"Thursday","Blue","HipHop",57
"Saturday","Mski","HipHop",73
"Thursday","Brejcha","Techno",84
"Thursday","Blue","Jazz",41
"Saturday","Brejcha","Rock",20
"Thursday","Mski","Rock",95
"Thursday","Brejcha","Jazz",67
"Thursday","Blue","Techno",36
"Thursday","Mski","HipHop",20
"Friday","Mski","Rock",94
"Thursday","Brejcha","HipHop",77
"Friday","Brejcha","Techno",73
"Saturday","Brejcha","HipHop",62
"Saturday","Monique","Jazz",93
"Friday","Brejcha","Techno",23
"Friday","Monique","HipHop",88
"Friday","Blue","Jazz",65
"Saturday","Mski","Rock",76
"Thursday","Mski","Techno",32
"Thursday","Blue","Jazz",30
"Saturday","Brejcha","Techno",76
"Friday","Mski","HipHop",27
"Friday","Blue","Rock",82
"Friday","Mski","Techno",51
"Thursday","Mski","Jazz",82
"Friday","Blue","Jazz",99
"Thursday","Monique","Jazz",90
"Friday","Monique","Techno",50
"Saturday","Brejcha","HipHop",64
"Saturday","Blue","Jazz",57
"Saturday","Brejcha","Techno",52
"Saturday","Mski","HipHop",47
"Thursday","Brejcha","Techno",58
"Friday","Brejcha","Jazz",97
"Thursday","Monique","Rock",54
"Friday","Monique","HipHop",52
"Thursday","Brejcha","Jazz",33
"Thursday","Blue","Rock",95
"Friday","Mski","Rock",62
"Thursday","Monique","Rock",94
"Saturday","Monique","Techno",63
"Friday","Monique","Rock",31
"Thursday","Monique","Jazz",49
"Thursday","Mski","Rock",11
"Saturday","Monique","Rock",58
"Saturday","Mski","Techno",41
"Thursday","Blue","HipHop",44
"Friday","Monique","Techno",90
"Thursday","Blue","Techno",27
"Saturday","Monique","Rock",79
"Saturday","Mski","Techno",89
"Thursday","Brejcha","Techno",73
"Thursday","Monique","Rock",99
"Thursday","Monique","Jazz",83
"Thursday","Mski","Jazz",12
"Thursday","Monique","HipHop",63
"Friday","Blue","HipHop",38
"Thursday","Blue","Rock",46
"Saturday","Mski","Techno",84
"Friday","Monique","HipHop",32
"Friday","Blue","Jazz",13
"Thursday","Monique","HipHop",69
"Thursday","Brejcha","Techno",63
"Saturday","Monique","Rock",52
"Friday","Mski","Techno",45
"Friday","Mski","Techno",60
"Saturday","Mski","Rock",85
"Thursday","Brejcha","Rock",95
"Saturday","Blue","Rock",90
"Saturday","Brejcha","Jazz",83
"Thursday","Brejcha","Techno",10
"Thursday","Monique","Jazz",31
"Thursday","Blue","Techno",12
"Saturday","Monique","HipHop",70
"Friday","Monique","Rock",19
"Thursday","Blue","HipHop",14
"Friday","Brejcha","Jazz",77
"Friday","Monique","Rock",22
"Saturday","Monique","HipHop",65
"Friday","Monique","Techno",36
"Thursday","Blue","Techno",82
"Friday","Brejcha","Rock",26
"Saturday","Brejcha","Techno",91
"Saturday","Monique","Jazz",70
"Friday","Mski","Rock",82
"Thursday","Mski","Rock",85
"Thursday","Mski","Jazz",32
"Saturday","Brejcha","Techno",47
"Friday","Blue","Techno",33
"Friday","Brejcha","Jazz",81
"Saturday","Blue","Rock",41
"Thursday","Brejcha","HipHop",33
"Friday","Mski","Jazz",78
"Saturday","Brejcha","Techno",96
"Friday","Brejcha","Jazz",12
"Saturday","Monique","HipHop",58
"Thursday","Brejcha","HipHop",75
"Friday","Mski","Rock",72
"Saturday","Brejcha","Techno",89
"Friday","Brejcha","Jazz",33
"Saturday","Brejcha","Techno",25
"Friday","Blue","Rock",75
"Saturday","Monique","Rock",92
"Friday","Monique","Rock",27
"Thursday","Brejcha","Techno",20
"Thursday","Brejcha","Jazz",30
"Thursday","Monique","Rock",79
"Friday","Monique","Jazz",55
"Thursday","Blue","HipHop",67
"Saturday","Monique","Rock",45
"Friday","Mski","Jazz",78
"Thursday","Mski","Jazz",27
"Thursday","Monique","HipHop",37
"Thursday","Brejcha","Techno",80
"Friday","Blue","Techno",72
"Thursday","Mski","Techno",20
"Saturday","Mski","HipHop",97
"Saturday","Brejcha","HipHop",70
"Saturday","Brejcha","Techno",88
"Saturday","Monique","Rock",19
"Friday","Mski","Rock",67
"Saturday","Monique","HipHop",95
"Thursday","Mski","Jazz",76
"Friday","Mski","Techno",78
"Saturday","Monique","Jazz",57
"Thursday","Blue","HipHop",56
"Thursday","Mski","Rock",94
"Thursday","Blue","HipHop",55
"Saturday","Brejcha","Rock",86
"Saturday","Brejcha","Techno",38
"Saturday","Brejcha","Techno",67
"Thursday","Monique","HipHop",69
"Friday","Blue","Rock",64
"Saturday","Mski","Rock",72
"Saturday","Brejcha","Techno",9
"Thursday","Mski","Rock",94
"Friday","Blue","Techno",79
"Thursday","Monique","Techno",43
"Friday","Monique","Techno",55
"Thursday","Blue","Rock",23
"Friday","Monique","Techno",28
"Saturday","Blue","Techno",75
"Thursday","Mski","HipHop",73
"Saturday","Monique","Techno",92
"Saturday","Blue","HipHop",39
"Thursday","Blue","Rock",81
"Saturday","Mski","Rock",79
"Friday","Mski","Rock",53
"Thursday","Brejcha","HipHop",39
"Saturday","Brejcha","Techno",30
"Thursday","Blue","Jazz",71
"Friday","Monique","Rock",82
"Thursday","Monique","Techno",17
"Thursday","Brejcha","Jazz",51
"Thursday","Blue","HipHop",97
"Thursday","Blue","Rock",18
"Saturday","Brejcha","Techno",8
"Friday","Monique","Techno",45
"Saturday","Mski","Jazz",15
"Thursday","Blue","HipHop",62
"Saturday","Mski","Techno",45
"Thursday","Blue","Techno",21
"Thursday","Brejcha","HipHop",89
"Saturday","Blue","HipHop",17
"Thursday","Monique","HipHop",90
"Saturday","Mski","HipHop",47
"Thursday","Mski","Jazz",20
"Friday","Mski","Rock",42
"Friday","Brejcha","Rock",20
"Thursday","Blue","Jazz",95
"Thursday","Blue","HipHop",46
"Friday","Mski","HipHop",92
"Friday","Brejcha","Rock",78
"Saturday","Blue","HipHop",13
"Friday","Monique","Jazz",14
"Friday","Brejcha","HipHop",69
"Thursday","Mski","Rock",78
"Saturday","Brejcha","Rock",70
"Friday","Brejcha","Techno",67
"Saturday","Mski","HipHop",71
"Saturday","Blue","Rock",98
"Thursday","Mski","HipHop",52
"Saturday","Monique","Rock",44
"Friday","Brejcha","HipHop",35
"Saturday","Blue","Jazz",94
"Thursday","Monique","HipHop",66
"Friday","Blue","HipHop",24
"Friday","Monique","Jazz",99
"Thursday","Monique","Rock",34
"Saturday","Blue","HipHop",13
"Thursday","Brejcha","Jazz",20
"Thursday","Monique","Rock",18
"Friday","Monique","Jazz",82
"Friday","Monique","Techno",29
"Thursday","Monique","HipHop",85
"Friday","Brejcha","Techno",93
"Thursday","Mski","HipHop",43
"Friday","Brejcha","Techno",76
"Thursday","Mski","Rock",43
"Thursday","Mski","Techno",91
"Thursday","Blue","HipHop",16
"Friday","Mski","Rock",88
"Thursday","Blue","HipHop",12
"Saturday","Blue","HipHop",14
"Thursday","Brejcha","Jazz",50
"Thursday","Brejcha","Rock",13
"Saturday","Blue","Jazz",85
"Thursday","Mski","HipHop",55
"Thursday","Monique","Rock",80
"Thursday","Brejcha","HipHop",30
"Saturday","Blue","Rock",37
"Saturday","Mski","Techno",67
"Thursday","Monique","Rock",100
"Thursday","Mski","Rock",78
"Saturday","Blue","HipHop",86
"Friday","Mski","HipHop",87
"Saturday","Brejcha","Rock",88
"Thursday","Blue","HipHop",56
"Friday","Brejcha","Jazz",77
"Friday","Mski","Jazz",62
"Saturday","Brejcha","HipHop",22
"Saturday","Mski","Rock",20
"Thursday","Mski","Jazz",42
"Thursday","Brejcha","Jazz",83
"Thursday","Monique","Jazz",15
"Saturday","Blue","Jazz",65
"Thursday","Mski","Techno",69
"Thursday","Mski","HipHop",23
"Saturday","Brejcha","Techno",81
"Thursday","Monique","HipHop",69
"Thursday","Monique","Techno",42
"Saturday","Monique","Techno",17
"Friday","Monique","Rock",70
"Friday","Monique","HipHop",44
"Thursday","Brejcha","Rock",94
"Friday","Monique","HipHop",91
"Saturday","Blue","Jazz",68
"Friday","Blue","Techno",88
"Friday","Mski","Jazz",39
"Saturday","Mski","Rock",60
"Saturday","Blue","HipHop",83
"Thursday","Monique","Techno",39
"Friday","Brejcha","Rock",14
"Friday","Blue","Rock",45
"Friday","Monique","Techno",99
"Thursday","Blue","Techno",38
"Thursday","Mski","HipHop",44
"Friday","Monique","Techno",32
"Friday","Blue","Techno",88
"Thursday","Mski","Rock",89
"Saturday","Brejcha","Techno",59
"Saturday","Brejcha","HipHop",10
"Thursday","Blue","Jazz",51
"Saturday","Mski","HipHop",39
"Saturday","Brejcha","Jazz",14
"Thursday","Monique","Rock",66
"Friday","Mski","Jazz",14
"Saturday","Brejcha","Jazz",69
"Thursday","Brejcha","Techno",9
"Friday","Mski","Techno",27
"Friday","Blue","Techno",22
"Thursday","Monique","Jazz",89
"Thursday","Monique","Jazz",52
"Thursday","Brejcha","HipHop",47
"Friday","Blue","HipHop",41
"Friday","Blue","Jazz",48
"Saturday","Brejcha","Jazz",71
"Friday","Mski","Techno",22
"Friday","Mski","Techno",36
"Friday","Blue","Techno",19
"Thursday","Blue","Rock",43
"Saturday","Blue","HipHop",14
"Friday","Monique","HipHop",24
"Friday","Brejcha","Techno",63
"Friday","Brejcha","Rock",93
"Thursday","Monique","Rock",19
"Thursday","Mski","Jazz",80
"Thursday","Blue","Techno",21
"Saturday","Brejcha","HipHop",77
"Saturday","Mski","Rock",47
"Saturday","Mski","Rock",40
"Thursday","Brejcha","Rock",92
"Thursday","Monique","HipHop",38
"Friday","Mski","Rock",20
"Saturday","Mski","Jazz",92
"Thursday","Blue","HipHop",93
"Saturday","Monique","Techno",70
"Thursday","Blue","HipHop",28
"Friday","Blue","HipHop",36
"Friday","Mski","Rock",84
"Friday","Blue","Rock",78
"Friday","Monique","Rock",60
"Thursday","Brejcha","HipHop",38
"Friday","Brejcha","Rock",75
"Friday","Blue","Techno",19
"Saturday","Monique","Jazz",58
"Friday","Monique","HipHop",46
"Friday","Brejcha","Techno",57
"Saturday","Monique","HipHop",58
"Friday","Brejcha","Jazz",82
"Saturday","Brejcha","Jazz",11
"Thursday","Brejcha","Techno",85
"Friday","Mski","HipHop",112
"Friday","Brejcha","Rock",72
"Friday","Monique","Rock",79
"Thursday","Blue","HipHop",38
"Thursday","Mski","Jazz",58
"Thursday","Blue","Techno",46
"Friday","Blue","HipHop",57
"Friday","Monique","Rock",27
"Saturday","Brejcha","Jazz",95
"Thursday","Brejcha","HipHop",92
"Thursday","Brejcha","Rock",66
"Friday","Mski","HipHop",44
"Saturday","Blue","HipHop",72
"Thursday","Mski","HipHop",67
"Thursday","Blue","Rock",59
"Saturday","Monique","Rock",72
"Saturday","Blue","Rock",54
"Saturday","Monique","HipHop",93
"Friday","Monique","Jazz",32
"Friday","Monique","Rock",82
"Friday","Monique","Jazz",30
"Thursday","Mski","HipHop",35
"Thursday","Monique","Rock",59
"Friday","Blue","HipHop",38
"Thursday","Blue","HipHop",88
"Friday","Mski","Rock",91
"Saturday","Blue","Jazz",75
"Friday","Mski","Rock",60
"Thursday","Monique","Jazz",81
"Thursday","Blue","Jazz",15
"Thursday","Mski","HipHop",21
"Thursday","Mski","Rock",59
"Saturday","Mski","Techno",11
"Saturday","Blue","HipHop",36
"Thursday","Mski","Rock",79
"Friday","Mski","Jazz",98
"Friday","Brejcha","HipHop",87
"Thursday","Blue","Rock",40
"Saturday","Mski","Rock",98
"Saturday","Blue","Jazz",39
"Friday","Monique","Techno",70
"Thursday","Mski","HipHop",87
"Friday","Mski","HipHop",72
"Thursday","Blue","HipHop",39
"Thursday","Mski","HipHop",83
"Friday","Brejcha","Rock",22
"Saturday","Mski","HipHop",54
"Friday","Blue","Rock",24
"Saturday","Blue","Jazz",86
"Friday","Brejcha","Techno",62
"Saturday","Monique","Jazz",53
"Saturday","Mski","Jazz",75
"Saturday","Mski","HipHop",53
"Saturday","Blue","Techno",43
"Friday","Mski","Rock",92
"Friday","Mski","HipHop",52
"Friday","Monique","Rock",65
"Friday","Blue","Jazz",17
"Saturday","Blue","Techno",14
"Saturday","Blue","Jazz",95
"Saturday","Mski","Techno",89
"Saturday","Brejcha","Rock",70
"Friday","Blue","Jazz",89
"Saturday","Brejcha","Rock",97
"Friday","Monique","Jazz",44
"Friday","Blue","Techno",11
"Friday","Blue","HipHop",12
"Friday","Brejcha","Rock",85
"Friday","Brejcha","HipHop",43
"Saturday","Blue","Rock",81
"Friday","Mski","Techno",63
"Friday","Monique","HipHop",95
"Saturday","Monique","HipHop",68
"Friday","Monique","HipHop",33
"Saturday","Blue","HipHop",81
"Saturday","Mski","Rock",53
"Saturday","Brejcha","Jazz",39
"Thursday","Brejcha","Techno",96
"Thursday","Blue","HipHop",41
"Friday","Brejcha","Techno",91
"Friday","Brejcha","Jazz",71
"Thursday","Blue","HipHop",15
"Thursday","Monique","Rock",61
"Friday","Monique","HipHop",96
"Saturday","Monique","Rock",12
"Saturday","Monique","Techno",28
"Saturday","Brejcha","HipHop",70
"Thursday","Mski","Techno",51
"Thursday","Mski","Techno",14
"Thursday","Mski","Rock",92
"Saturday","Monique","Rock",73
"Saturday","Blue","Techno",18
"Saturday","Mski","HipHop",104
"Friday","Brejcha","Rock",32
"Saturday","Blue","Jazz",33
"Thursday","Monique","Techno",59
"Thursday","Monique","Rock",67
"Thursday","Mski","Rock",36
"Friday","Blue","HipHop",60
"Saturday","Brejcha","Rock",16
"Thursday","Blue","HipHop",67
"Saturday","Monique","Rock",78
"Thursday","Blue","Rock",17
"Thursday","Mski","HipHop",86
"Friday","Mski","Techno",82
"Friday","Blue","Rock",31
"Thursday","Mski","Techno",81
"Thursday","Blue","HipHop",52
"Thursday","Blue","HipHop",54
"Friday","Monique","Techno",14
"Thursday","Blue","Techno",21
"Friday","Monique","Jazz",35
"Saturday","Mski","Jazz",80
"Thursday","Monique","Jazz",25
"Saturday","Blue","HipHop",100
"Thursday","Monique","Jazz",14
"Friday","Monique","Techno",27
"Thursday","Monique","Techno",84
"Thursday","Blue","HipHop",77
"Friday","Monique","HipHop",28
"Friday","Blue","Jazz",41
"Saturday","Mski","Jazz",86
"Thursday","Brejcha","HipHop",37
"Thursday","Blue","Rock",20
"Thursday","Brejcha","Rock",82
"Thursday","Brejcha","Jazz",84
"Thursday","Monique","HipHop",25
"Saturday","Blue","Rock",23
"Friday","Blue","Techno",58
"Saturday","Mski","Jazz",56
"Saturday","Monique","HipHop",54
"Thursday","Monique","Techno",34
"Saturday","Mski","HipHop",38
"Friday","Monique","Jazz",35
"Saturday","Monique","Jazz",29
"Thursday","Blue","Jazz",25
"Friday","Blue","HipHop",96
"Thursday","Blue","Jazz",54
"Saturday","Monique","HipHop",33
"Thursday","Blue","Jazz",45
"Thursday","Blue","Rock",40
"Thursday","Mski","HipHop",67
"Thursday","Monique","Techno",66
"Friday","Brejcha","HipHop",46
"Saturday","Blue","HipHop",47
"Saturday","Mski","Jazz",60
"Saturday","Mski","Jazz",70
"Thursday","Mski","Jazz",34
"Thursday","Brejcha","Techno",80
"Thursday","Mski","HipHop",49
"Friday","Mski","HipHop",72
"Friday","Brejcha","Jazz",72
"Friday","Monique","HipHop",18
"Saturday","Blue","HipHop",18
"Friday","Brejcha","Jazz",12
"Saturday","Monique","HipHop",85
"Saturday","Monique","Techno",19
"Thursday","Blue","HipHop",73
"Friday","Blue","Techno",80
"Friday","Monique","HipHop",47
"Thursday","Brejcha","Techno",63
"Friday","Blue","Jazz",6
"Friday","Brejcha","Techno",33
"Friday","Mski","HipHop",77
"Friday","Mski","Jazz",89
"Saturday","Brejcha","HipHop",12
"Saturday","Blue","Jazz",19
"Thursday","Brejcha","Techno",96
"Saturday","Brejcha","Rock",71
"Friday","Brejcha","Techno",49
"Thursday","Monique","Jazz",31
"Saturday","Mski","HipHop",50
"Thursday","Blue","HipHop",14
"Thursday","Mski","Rock",36
"Thursday","Monique","Jazz",69
"Thursday","Brejcha","Techno",72
"Friday","Blue","Rock",23
"Saturday","Blue","HipHop",22
"Saturday","Blue","Jazz",83
"Thursday","Monique","Jazz",40
"Friday","Brejcha","Techno",40
"Saturday","Blue","Jazz",26
"Thursday","Mski","Rock",90
"Saturday","Blue","HipHop",49
"Thursday","Brejcha","Techno",70
"Friday","Brejcha","Techno",35
"Saturday","Monique","Jazz",48
"Friday","Brejcha","HipHop",86
"Friday","Brejcha","Jazz",83
"Saturday","Monique","Techno",93
"Friday","Mski","Techno",20
"Thursday","Blue","Techno",28
"Thursday","Mski","Jazz",17
"Thursday","Brejcha","Rock",71
"Thursday","Mski","HipHop",82
"Thursday","Mski","Rock",87
"Thursday","Blue","Techno",96
"Thursday","Monique","Techno",89
"Thursday","Monique","Rock",92
"Friday","Blue","Rock",61
"Saturday","Blue","Rock",80
"Saturday","Monique","Techno",89
"Thursday","Mski","HipHop",31
"Thursday","Brejcha","Rock",16
"Saturday","Monique","Jazz",12
"Saturday","Blue","Jazz",65
"Thursday","Blue","HipHop",53
"Saturday","Monique","Rock",28
"Saturday","Mski","HipHop",76
"Friday","Mski","Rock",58
"Saturday","Monique","Rock",59
"Friday","Brejcha","Jazz",68
"Friday","Mski","HipHop",16
"Friday","Mski","Rock",77
"Saturday","Blue","Techno",44
"Saturday","Blue","Jazz",83
"Thursday","Monique","Techno",84
"Thursday","Blue","Techno",21
"Thursday","Mski","Techno",69
"Thursday","Blue","Techno",26
"Thursday","Blue","Jazz",19
"Friday","Mski","HipHop",33
"Saturday","Mski","Rock",75
"Friday","Mski","HipHop",27
"Saturday","Brejcha","Jazz",81
"Saturday","Blue","Techno",77
"Friday","Mski","HipHop",99
"Saturday","Brejcha","Rock",10
"Thursday","Brejcha","Rock",95
"Thursday","Brejcha","Jazz",64
"Friday","Blue","Techno",77
"Thursday","Brejcha","HipHop",27
"Saturday","Mski","Rock",45
"Friday","Blue","Jazz",25
"Saturday","Blue","HipHop",66
"Friday","Monique","Rock",88
"Saturday","Monique","HipHop",15
"Thursday","Mski","HipHop",60
"Thursday","Mski","Techno",87
"Saturday","Blue","HipHop",73
"Thursday","Blue","Techno",94
"Friday","Blue","Jazz",79
"Friday","Mski","Techno",32
"Thursday","Blue","Jazz",17
"Friday","Monique","Jazz",72
"Friday","Brejcha","Techno",35
"Saturday","Monique","Techno",69
"Thursday","Monique","Rock",15
"Friday","Blue","Rock",73
"Saturday","Mski","HipHop",55
"Friday","Monique","HipHop",98
"Saturday","Brejcha","HipHop",30
"Saturday","Mski","Techno",24
"Friday","Brejcha","Rock",89
"Thursday","Brejcha","Rock",25
"Friday","Mski","Techno",95
"Friday","Mski","HipHop",23
"Thursday","Monique","Rock",59
"Saturday","Monique","HipHop",81
"Thursday","Brejcha","Rock",44
"Friday","Blue","Rock",65
"Thursday","Mski","HipHop",66
"Saturday","Monique","Rock",97
"Friday","Monique","Rock",80
"Friday","Brejcha","Jazz",85
"Saturday","Blue","Jazz",97
"Friday","Blue","Rock",26
"Thursday","Brejcha","Jazz",70
"Saturday","Mski","Rock",35
"Thursday","Mski","Techno",26
"Thursday","Brejcha","HipHop",41
"Saturday","Brejcha","Techno",63
"Friday","Brejcha","Techno",47
"Thursday","Blue","Jazz",77
"Saturday","Blue","HipHop",34
"Friday","Brejcha","Rock",91
"Friday","Brejcha","Techno",81
"Thursday","Monique","Jazz",60
"Saturday","Blue","Techno",61
"Friday","Mski","Techno",64
"Thursday","Monique","Jazz",84
"Friday","Blue","Rock",75
"Friday","Brejcha","Jazz",15
"Friday","Blue","HipHop",12
"Thursday","Mski","Rock",57
"Friday","Blue","HipHop",94
"Saturday","Monique","Rock",38
"Saturday","Monique","Techno",61
"Saturday","Brejcha","HipHop",75
"Saturday","Blue","Jazz",89
"Saturday","Mski","Jazz",71
"Friday","Monique","HipHop",49
"Friday","Brejcha","HipHop",72
"Saturday","Mski","Jazz",20
"Thursday","Blue","HipHop",61
"Saturday","Blue","Jazz",20
"Friday","Brejcha","HipHop",96
"Friday","Blue","HipHop",21
"Saturday","Brejcha","Rock",33
"Thursday","Brejcha","HipHop",58
"Friday","Monique","Jazz",43
"Thursday","Brejcha","HipHop",52
"Saturday","Brejcha","Rock",48
"Saturday","Blue","Techno",41
"Thursday","Monique","Techno",80
"Friday","Monique","Rock",87
"Friday","Mski","Jazz",58
"Friday","Blue","Rock",86
"Thursday","Mski","HipHop",51
"Thursday","Mski","Jazz",35
"Thursday","Monique","Rock",22
"Friday","Mski","Techno",90
"Friday","Blue","Techno",78
"Saturday","Blue","HipHop",43
"Friday","Blue","Jazz",38
"Saturday","Mski","Jazz",56
"Saturday","Monique","HipHop",56
"Saturday","Blue","Rock",18
"Thursday","Monique","Techno",34
"Saturday","Mski","Rock",47
"Friday","Brejcha","Techno",47
"Friday","Brejcha","Rock",37
"Friday","Monique","Rock",72
"Thursday","Mski","Techno",27
"Thursday","Blue","Rock",80
"Thursday","Mski","Techno",21
"Saturday","Blue","Techno",81
"Thursday","Monique","Techno",18
"Friday","Monique","Techno",15
"Thursday","Brejcha","Rock",54
"Thursday","Monique","HipHop",56
"Friday","Blue","HipHop",34
"Thursday","Blue","Techno",93
"Friday","Monique","Rock",37
"Friday","Mski","Rock",82
"Thursday","Blue","Techno",30
"Saturday","Blue","Jazz",81
"Saturday","Mski","Rock",97
"Thursday","Mski","HipHop",41
"Thursday","Mski","Jazz",24
"Friday","Blue","HipHop",57
"Friday","Blue","Techno",96
"Saturday","Mski","Jazz",64
"Saturday","Brejcha","Rock",93
"Thursday","Monique","Techno",40
"Friday","Blue","Jazz",88
"Friday","Blue","HipHop",11
"Saturday","Blue","Jazz",74
"Saturday","Mski","Jazz",27
"Friday","Blue","Techno",59
"Thursday","Blue","HipHop",60
"Thursday","Mski","Jazz",55
"Friday","Blue","Rock",80
"Friday","Mski","HipHop",60
"Saturday","Blue","HipHop",99
"Friday","Mski","HipHop",58
"Saturday","Brejcha","Rock",42
"Saturday","Brejcha","HipHop",97
"Thursday","Blue","Rock",76
"Friday","Mski","Jazz",69
"Friday","Blue","Rock",78
"Thursday","Mski","Techno",55
"Saturday","Brejcha","HipHop",25
"Friday","Blue","Techno",25
"Friday","Brejcha","Techno",85
"Friday","Monique","HipHop",43
"Saturday","Mski","Jazz",11
"Friday","Monique","Rock",74
"Friday","Blue","Jazz",2
"Friday","Blue","HipHop",65
"Friday","Blue","Jazz",11
"Thursday","Blue","HipHop",23
"Thursday","Monique","Jazz",86
"Friday","Brejcha","Techno",72
"Thursday","Mski","Rock",17
"Friday","Blue","Jazz",40
"Friday","Brejcha","HipHop",80
"Saturday","Brejcha","Rock",92
"Saturday","Brejcha","Techno",69
"Friday","Mski","Jazz",96
"Thursday","Blue","Jazz",59
"Saturday","Mski","Jazz",14
"Thursday","Mski","HipHop",94
"Saturday","Monique","Jazz",62
"Saturday","Mski","Techno",71
"Saturday","Brejcha","HipHop",56
"Thursday","Blue","Techno",34
"Thursday","Monique","Rock",17
"Friday","Brejcha","HipHop",36
"Thursday","Monique","Rock",35
"Thursday","Monique","HipHop",87
"Saturday","Monique","HipHop",63
"Friday","Mski","Techno",31
"Saturday","Mski","Jazz",84
"Thursday","Mski","Jazz",53
"Saturday","Blue","Jazz",16
"Saturday","Monique","Jazz",64
"Saturday","Monique","Jazz",13
"Friday","Brejcha","Techno",42
"Friday","Blue","Rock",35
"Friday","Mski","Jazz",85
"Saturday","Brejcha","Rock",15
"Thursday","Monique","HipHop",37
"Friday","Blue","Rock",57
"Friday","Blue","Jazz",32
"Thursday","Blue","Techno",90
"Thursday","Brejcha","Techno",63
"Friday","Mski","Jazz",66
"Saturday","Mski","Jazz",22
"Friday","Mski","HipHop",14
"Thursday","Mski","Techno",46
"Saturday","Mski","HipHop",88
"Saturday","Blue","HipHop",63
"Thursday","Blue","HipHop",31
"Thursday","Monique","HipHop",81
"Saturday","Brejcha","HipHop",8
"Saturday","Mski","Jazz",33
"Saturday","Blue","HipHop",27
"Saturday","Mski","Rock",95
"Saturday","Monique","Jazz",92
"Friday","Monique","HipHop",18
"Friday","Monique","Jazz",39
"Friday","Monique","Jazz",55
"Saturday","Monique","HipHop",83
"Friday","Brejcha","Rock",94
"Saturday","Brejcha","Techno",35
"Saturday","Blue","Jazz",23
"Thursday","Mski","Rock",16
"Thursday","Blue","Rock",94
"Saturday","Monique","HipHop",27
"Thursday","Blue","Rock",64
"Thursday","Brejcha","Jazz",23
"Thursday","Brejcha","Jazz",16
"Saturday","Brejcha","Rock",70
"Saturday","Mski","Techno",44
"Saturday","Brejcha","Jazz",54
"Thursday","Mski","HipHop",92
"Thursday","Brejcha","HipHop",71
"Saturday","Blue","HipHop",39
"Friday","Brejcha","HipHop",72
"Thursday","Mski","Rock",47
"Saturday","Blue","Rock",45
"Thursday","Mski","Techno",100
"Friday","Monique","HipHop",89
"Thursday","Mski","HipHop",37
"Saturday","Mski","Techno",72
"Friday","Brejcha","Jazz",88
"Friday","Blue","Rock",44
"Saturday","Brejcha","Jazz",50
"Thursday","Monique","Rock",74
"Friday","Blue","HipHop",76
"Friday","Mski","Jazz",75
"Thursday","Blue","Rock",38
"Friday","Brejcha","Rock",33
"Saturday","Blue","HipHop",91
"Thursday","Mski","HipHop",99
"Saturday","Blue","HipHop",77
"Saturday","Brejcha","HipHop",13
"Friday","Brejcha","Techno",23
"Friday","Blue","Techno",94
"Saturday","Brejcha","Techno",71
"Thursday","Brejcha","Rock",93
"Friday","Mski","Techno",88
"Friday","Mski","Rock",87
"Friday","Blue","HipHop",51
"Saturday","Monique","Techno",60
"Thursday","Blue","Techno",21
"Thursday","Brejcha","Techno",44
"Saturday","Blue","Jazz",32
"Saturday","Mski","Techno",69
"Friday","Monique","Rock",97
"Thursday","Brejcha","Rock",9
"Saturday","Brejcha","Techno",61
"Friday","Brejcha","HipHop",82
"Friday","Mski","HipHop",50
"Thursday","Mski","HipHop",94
"Thursday","Blue","Rock",70
"Friday","Blue","Rock",87
"Saturday","Monique","HipHop",60
"Saturday","Brejcha","Jazz",43
"Friday","Brejcha","Jazz",90
"Saturday","Blue","Rock",30
"Thursday","Mski","Rock",23
"Friday","Mski","Techno",81
"Friday","Monique","Jazz",58
"Saturday","Brejcha","HipHop",44
"Thursday","Mski","HipHop",49
"Thursday","Monique","Rock",25
"Saturday","Mski","Rock",20
"Friday","Mski","Rock",77
"Thursday","Blue","Rock",60
"Friday","Mski","HipHop",54
"Saturday","Monique","Rock",53
"Thursday","Blue","HipHop",67
"Thursday","Mski","Techno",84
"Thursday","Mski","Rock",83
"Thursday","Brejcha","Rock",29
"Saturday","Monique","Techno",21
"Friday","Brejcha","Rock",68
"Thursday","Mski","Techno",82
"Thursday","Brejcha","Rock",37
"Friday","Monique","HipHop",81
"Saturday","Mski","HipHop",33
"Thursday","Mski","Rock",79
"Saturday","Mski","HipHop",106
"Thursday","Brejcha","Jazz",38
"Thursday","Monique","Rock",44
"Saturday","Brejcha","Techno",68
"Friday","Blue","Techno",17
"Friday","Mski","Techno",49
"Thursday","Brejcha","Jazz",12
"Saturday","Mski","HipHop",65
"Thursday","Mski","Rock",90
"Thursday","Blue","Jazz",91
"Friday","Brejcha","Rock",53
"Friday","Brejcha","HipHop",82
"Saturday","Mski","Rock",25
"Thursday","Blue","HipHop",93
"Saturday","Mski","HipHop",35
"Friday","Blue","HipHop",41
"Friday","Monique","Techno",47
"Thursday","Mski","Techno",36
"Friday","Mski","HipHop",88
"Friday","Brejcha","Jazz",68
"Thursday","Blue","HipHop",98
"Thursday","Brejcha","Jazz",75
"Thursday","Mski","Techno",74
"Saturday","Blue","Rock",69
"Thursday","Blue","HipHop",28
"Thursday","Brejcha","Rock",13
"Friday","Brejcha","Techno",86
"Thursday","Blue","HipHop",36
"Saturday","Blue","Jazz",90
"Friday","Brejcha","Jazz",11
"Saturday","Monique","Techno",88
"Friday","Monique","Techno",89
"Thursday","Brejcha","Jazz",88
"Friday","Blue","Rock",65
"Thursday","Blue","Jazz",27
"Thursday","Blue","Rock",33
"Saturday","Blue","Jazz",40
"Friday","Monique","Jazz",39
"Friday","Mski","HipHop",71
"Saturday","Monique","Techno",17
"Thursday","Mski","Techno",79
"Saturday","Mski","Rock",54
"Saturday","Brejcha","Jazz",22
"Saturday","Mski","Jazz",42
"Friday","Monique","Rock",31
"Saturday","Blue","Techno",56
"Friday","Blue","Jazz",42
"Saturday","Monique","Jazz",23
"Thursday","Blue","Rock",91
"Friday","Blue","Techno",54
"Thursday","Mski","Jazz",99
"Thursday","Brejcha","Jazz",67
"Friday","Blue","Rock",52
"Friday","Blue","Techno",38
"Friday","Mski","Techno",14
"Saturday","Monique","Techno",34
"Friday","Monique","Rock",57
"Thursday","Brejcha","Techno",26
"Saturday","Monique","Techno",25
"Friday","Blue","Rock",62
"Saturday","Monique","Techno",40
"Saturday","Monique","Jazz",93
"Saturday","Brejcha","Jazz",73
"Friday","Monique","Jazz",67
"Thursday","Monique","Rock",69
"Friday","Brejcha","Rock",74
"Thursday","Monique","Techno",41
"Saturday","Mski","Rock",25
"Thursday","Brejcha","Jazz",75
"Friday","Monique","HipHop",48
"Saturday","Monique","Rock",30
"Saturday","Mski","Rock",81
"Saturday","Monique","Techno",16
"Thursday","Monique","Techno",38
"Saturday","Monique","Jazz",22
"Friday","Monique","HipHop",90
"Thursday","Brejcha","HipHop",76
"Friday","Blue","HipHop",53
"Saturday","Blue","Techno",99
"Saturday","Mski","Jazz",34
"Thursday","Blue","HipHop",25
"Thursday","Mski","HipHop",23
"Friday","Blue","Jazz",48
"Saturday","Blue","Jazz",34
"Thursday","Blue","Jazz",80
"Saturday","Brejcha","Rock",72
"Thursday","Monique","Techno",96
"Thursday","Brejcha","Jazz",52
"Friday","Mski","HipHop",42
"Thursday","Mski","Jazz",35
"Friday","Blue","Jazz",79
"Friday","Blue","Jazz",57
"Friday","Mski","Techno",86
"Thursday","Blue","HipHop",29
"Thursday","Blue","Jazz",80
"Saturday","Monique","HipHop",61
"Thursday","Brejcha","Jazz",39
"Friday","Mski","Rock",48
"Friday","Brejcha","Rock",49
"Thursday","Brejcha","Jazz",55
"Thursday","Blue","Rock",73
"Thursday","Brejcha","Jazz",43
"Thursday","Mski","HipHop",14
"Saturday","Blue","Techno",65
"Thursday","Mski","HipHop",80
"Saturday","Brejcha","Techno",67
"Saturday","Brejcha","HipHop",92
"Friday","Blue","Techno",98
"Friday","Brejcha","Rock",87
"Saturday","Mski","Rock",17
"Friday","Monique","Techno",21
"Saturday","Mski","Jazz",70
"Saturday","Monique","Rock",78
"Saturday","Mski","Techno",40
"Saturday","Monique","HipHop",81
"Thursday","Blue","Rock",83
"Friday","Mski","Techno",31
"Thursday","Blue","HipHop",83
"Thursday","Monique","Rock",38
"Thursday","Blue","Jazz",54
"Thursday","Mski","Jazz",11
"Thursday","Mski","Techno",74
"Saturday","Monique","Techno",98
"Thursday","Blue","Jazz",93
"Friday","Monique","HipHop",54
"Friday","Monique","Techno",100
"Thursday","Brejcha","Jazz",92
"Friday","Brejcha","Rock",87
"Saturday","Blue","HipHop",64
"Thursday","Mski","Jazz",76
"Friday","Brejcha","Rock",73
"Thursday","Brejcha","HipHop",82
"Saturday","Mski","Jazz",36
"Friday","Blue","Jazz",39
"Friday","Blue","Techno",94
"Thursday","Monique","Jazz",86
"Friday","Blue","Rock",17
"Friday","Monique","Rock",59
"Friday","Blue","Rock",36
"Friday","Mski","Rock",85
"Saturday","Mski","Techno",48
"Saturday","Monique","Techno",48
"Thursday","Monique","Techno",13
"Friday","Mski","Techno",65
"Friday","Mski","Rock",70
"Saturday","Blue","Techno",81
"Saturday","Mski","Rock",84
"Saturday","Mski","Jazz",61
"Thursday","Brejcha","Jazz",37
"Thursday","Mski","HipHop",96
"Thursday","Monique","HipHop",50
"Thursday","Monique","HipHop",50
"Friday","Brejcha","Jazz",95
"Thursday","Blue","Techno",94
"Friday","Brejcha","Rock",83
"Saturday","Monique","Techno",38
"Saturday","Brejcha","Rock",10
"Friday","Blue","Techno",73
"Friday","Monique","Rock",19
"Saturday","Monique","Jazz",29
"Friday","Monique","Jazz",45
"Friday","Brejcha","Rock",50
"Saturday","Monique","Jazz",16
"Saturday","Monique","HipHop",95
"Thursday","Blue","Rock",94
"Thursday","Mski","HipHop",81
"Friday","Blue","Rock",84
"Saturday","Blue","Rock",86
"Thursday","Brejcha","Jazz",64
"Thursday","Brejcha","Rock",66
"Friday","Mski","HipHop",60
"Friday","Brejcha","HipHop",57
"Saturday","Brejcha","Rock",10
"Saturday","Mski","Rock",81
"Friday","Brejcha","Rock",73
"Friday","Mski","Rock",51
"Saturday","Monique","Rock",57
"Saturday","Mski","Techno",40
"Friday","Mski","Jazz",41
"Friday","Brejcha","Rock",64
"Thursday","Blue","HipHop",49
"Saturday","Blue","Jazz",59
"Friday","Brejcha","HipHop",47
"Thursday","Brejcha","HipHop",19
"Friday","Blue","Techno",61
"Thursday","Blue","Jazz",63
"Thursday","Mski","HipHop",76
"Friday","Blue","Rock",52
"Saturday","Brejcha","Rock",69
"Thursday","Monique","Techno",28
"Friday","Blue","Rock",45
"Saturday","Blue","Rock",15
"Friday","Mski","HipHop",25
"Thursday","Mski","Rock",22
"Friday","Monique","Jazz",86
"Friday","Monique","Jazz",95
"Friday","Brejcha","Rock",74
"Friday","Mski","HipHop",66
"Saturday","Monique","Jazz",23
"Saturday","Mski","HipHop",67
"Saturday","Blue","Rock",83
"Friday","Monique","Techno",15
"Thursday","Brejcha","Techno",35
"Thursday","Blue","Techno",27
"Friday","Monique","HipHop",63
"Friday","Monique","HipHop",89
"Thursday","Blue","HipHop",62
"Saturday","Brejcha","Rock",21
"Thursday","Mski","HipHop",77
"Saturday","Monique","Jazz",75
"Saturday","Brejcha","Jazz",33
"Friday","Brejcha","Rock",60
"Friday","Mski","Techno",30
"Saturday","Brejcha","HipHop",81
"Friday","Monique","Jazz",70
"Saturday","Brejcha","Techno",92
"Friday","Monique","HipHop",27
"Thursday","Brejcha","HipHop",18
"Saturday","Mski","Jazz",54
"Saturday","Blue","Techno",64
"Thursday","Blue","HipHop",84
"Friday","Brejcha","Rock",32
"Saturday","Blue","Techno",63
"Saturday","Brejcha","HipHop",37
"Saturday","Mski","Techno",34
"Thursday","Brejcha","Rock",96
"Saturday","Monique","Techno",92
"Thursday","Brejcha","Rock",50
"Friday","Brejcha","Rock",67
"Saturday","Mski","Rock",64
"Thursday","Brejcha","HipHop",26
"Friday","Mski","Jazz",33
"Friday","Mski","Techno",98
"Saturday","Blue","HipHop",22
"Friday","Blue","HipHop",39
"Friday","Brejcha","Jazz",97
"Thursday","Brejcha","Techno",90
"Thursday","Brejcha","Rock",86
"Thursday","Blue","HipHop",92
"Saturday","Monique","HipHop",74
"Friday","Blue","Jazz",18
"Friday","Monique","Jazz",93
"Saturday","Mski","Techno",19
"Thursday","Monique","Techno",76
"Friday","Monique","HipHop",23
"Saturday","Monique","Rock",29
"Saturday","Blue","Rock",45
"Thursday","Mski","Rock",74
"Friday","Brejcha","Jazz",27
"Saturday","Blue","HipHop",25
"Friday","Brejcha","Techno",20
"Thursday","Blue","Techno",52
"Friday","Monique","Rock",53
"Friday","Mski","Techno",67
"Friday","Mski","Jazz",12
"Saturday","Brejcha","Jazz",81
"Friday","Blue","Jazz",30
"Thursday","Blue","Rock",74
"Saturday","Monique","HipHop",42
"Thursday","Brejcha","Rock",51
"Friday","Brejcha","Techno",88
"Saturday","Monique","Rock",93
"Saturday","Mski","Rock",12
"Saturday","Brejcha","Jazz",81
"Thursday","Monique","Jazz",28
"Friday","Blue","Jazz",51
"Friday","Mski","Jazz",17
"Friday","Blue","Jazz",87
"Thursday","Monique","Rock",56
"Friday","Brejcha","Rock",96
"Thursday","Brejcha","Rock",87
"Thursday","Blue","Rock",53
"Thursday","Brejcha","HipHop",64
"Saturday","Monique","Jazz",93
"Thursday","Mski","Jazz",95
"Saturday","Blue","Rock",79
"Saturday","Brejcha","Jazz",17
"Thursday","Monique","Jazz",89
"Saturday","Monique","Jazz",49
"Thursday","Monique","Jazz",76
"Friday","Monique","Rock",77
"Saturday","Blue","Rock",50
"Friday","Monique","Rock",26
"Friday","Mski","Rock",12
"Saturday","Brejcha","HipHop",97
"Saturday","Monique","Techno",71
"Saturday","Blue","Jazz",52
"Thursday","Brejcha","Jazz",67
"Friday","Blue","Jazz",70
"Thursday","Mski","HipHop",21
"Thursday","Monique","Jazz",92
"Friday","Blue","HipHop",88
"Thursday","Brejcha","Techno",85
"Friday","Brejcha","Techno",61
"Saturday","Monique","Techno",12
"Saturday","Blue","Jazz",24
"Thursday","Mski","Rock",93
"Saturday","Blue","Jazz",40
"Thursday","Blue","Jazz",53
"Friday","Brejcha","Jazz",59
"Saturday","Mski","Rock",61
"Friday","Monique","Jazz",84
"Saturday","Brejcha","Techno",49
"Friday","Brejcha","Rock",56
"Saturday","Monique","Rock",76
"Friday","Brejcha","HipHop",91
"Saturday","Brejcha","Techno",72
"Saturday","Mski","HipHop",90
"Friday","Blue","Rock",17
"Friday","Blue","Jazz",43
"Thursday","Brejcha","HipHop",30
"Saturday","Mski","Techno",69
"Saturday","Brejcha","Jazz",34
"Saturday","Monique","Jazz",27
"Saturday","Blue","Jazz",59
"Saturday","Monique","Jazz",45
"Friday","Monique","Rock",85
"Friday","Mski","Rock",67
"Thursday","Brejcha","Jazz",72
"Saturday","Blue","Jazz",34
"Friday","Blue","Techno",66
"Saturday","Mski","Techno",64
"Saturday","Monique","Jazz",15
"Friday","Blue","Rock",11
"Friday","Brejcha","Jazz",59
"Saturday","Blue","HipHop",93
"Saturday","Mski","Rock",73
"Thursday","Brejcha","HipHop",68
"Thursday","Blue","Rock",84
"Friday","Monique","Jazz",71
"Friday","Monique","Jazz",89
"Thursday","Monique","Rock",64
"Friday","Mski","Rock",45
"Friday","Monique","Jazz",87
"Saturday","Blue","Rock",50
"Thursday","Mski","Techno",16
"Saturday","Mski","HipHop",73
"Friday","Mski","Jazz",37
"Thursday","Monique","HipHop",21
"Saturday","Mski","Techno",85
"Friday","Blue","Techno",65
"Friday","Brejcha","Rock",70
"Friday","Brejcha","HipHop",26
"Thursday","Mski","Techno",29
"Saturday","Mski","Techno",84
"Thursday","Brejcha","HipHop",18
"Thursday","Blue","Jazz",74
"Thursday","Blue","HipHop",50
"Saturday","Blue","Techno",71
"Thursday","Blue","HipHop",17
"Saturday","Brejcha","Techno",65
"Thursday","Blue","Techno",18
"Friday","Blue","Rock",88
"Saturday","Monique","Techno",51
"Saturday","Brejcha","Rock",31
"Thursday","Brejcha","HipHop",42
"Thursday","Blue","Rock",26
"Friday","Blue","Jazz",63
"Thursday","Brejcha","Jazz",95
"Saturday","Brejcha","HipHop",92
"Saturday","Monique","HipHop",83
"Thursday","Brejcha","Techno",28
"Thursday","Mski","Jazz",45
"Friday","Monique","Rock",11
"Thursday","Brejcha","HipHop",25
"Saturday","Blue","Rock",66
"Thursday","Brejcha","HipHop",74
"Friday","Monique","Jazz",85
"Thursday","Mski","Jazz",42
"Saturday","Monique","HipHop",15
"Thursday","Brejcha","Rock",24
"Thursday","Monique","HipHop",46
"Saturday","Blue","Rock",96
"Thursday","Mski","Rock",88
"Saturday","Mski","Jazz",39
